{"$schema":"http://schema.management.azure.com/schemas/2015-01-01/deploymentTemplate.json#","contentVersion":"1.0.0.0","parameters":{"factoryName":{"type":"string","metadata":"Data Factory name"}},"variables":{"factoryId":"[concat('Microsoft.DataFactory/factories/', parameters('factoryName'))]"},"resources":[{"name":"[concat(parameters('factoryName'), '/Execute Databricks Pipeline using MI')]","type":"Microsoft.DataFactory/factories/pipelines","apiVersion":"2018-06-01","properties":{"description":"From article ","activities":[{"name":"Execute Start Pipeline API","type":"WebActivity","dependsOn":[],"policy":{"timeout":"0.12:00:00","retry":0,"retryIntervalInSeconds":30,"secureOutput":false,"secureInput":false},"userProperties":[],"typeProperties":{"method":"POST","headers":{},"url":{"value":"@concat('https://',pipeline().parameters.DatabricksWorkspaceID,'.azuredatabricks.net/api/2.0/pipelines/',pipeline().parameters.PipelineID,'/updates')","type":"Expression"},"body":{"value":"{}\n\n","type":"Expression"},"authentication":{"type":"MSI","resource":"2ff814a6-3304-4ab8-85cb-cd0e6f879c1d"}}},{"name":"Wait Until Pipeline Update Completes","type":"Until","dependsOn":[{"activity":"Execute Start Pipeline API","dependencyConditions":["Succeeded"]}],"userProperties":[],"typeProperties":{"expression":{"value":"@not(equals(variables('PipelineUpdateState'),'RUNNING'))","type":"Expression"},"activities":[{"name":"Check Job Status","type":"SetVariable","dependsOn":[{"activity":"Get a pipeline update API","dependencyConditions":["Succeeded"]}],"policy":{"secureOutput":false,"secureInput":false},"userProperties":[],"typeProperties":{"variableName":"JobState","value":{"value":"@if(\nor(\nequals(activity('Get a pipeline update API').output.update.state, 'PENDING'), equals(activity('Get a pipeline update API').output.update.state, 'RUNNING')\n),\n'RUNNING',\nactivity('Get a pipeline update API').output.update.state\n)","type":"Expression"}}},{"name":"Wait to Recheck API","type":"Wait","dependsOn":[{"activity":"Check Job Status","dependencyConditions":["Succeeded"]}],"userProperties":[],"typeProperties":{"waitTimeInSeconds":{"value":"@pipeline().parameters.WaitSeconds","type":"Expression"}}},{"name":"List pipeline updates API","type":"WebActivity","dependsOn":[],"policy":{"timeout":"0.12:00:00","retry":0,"retryIntervalInSeconds":30,"secureOutput":false,"secureInput":false},"userProperties":[],"typeProperties":{"method":"GET","headers":{},"url":{"value":"@concat('https://',pipeline().parameters.DatabricksWorkspaceID,'.azuredatabricks.net/api/2.0/pipelines/',pipeline().parameters.PipelineID,'/updates')","type":"Expression"},"authentication":{"type":"MSI","resource":"2ff814a6-3304-4ab8-85cb-cd0e6f879c1d"}}},{"name":"Get a pipeline update API","type":"WebActivity","dependsOn":[{"activity":"List pipeline updates API","dependencyConditions":["Succeeded"]}],"policy":{"timeout":"0.12:00:00","retry":0,"retryIntervalInSeconds":30,"secureOutput":false,"secureInput":false},"userProperties":[],"typeProperties":{"method":"GET","headers":{},"url":{"value":"@concat('https://',pipeline().parameters.DatabricksWorkspaceID,'.azuredatabricks.net/api/2.0/pipelines/',pipeline().parameters.PipelineID,'/updates/',activity('List pipeline updates API').output.updates[0].update_id)\n\n","type":"Expression"},"authentication":{"type":"MSI","resource":"2ff814a6-3304-4ab8-85cb-cd0e6f879c1d"}}}],"timeout":"0.7:00:00"}}],"policy":{"elapsedTimeMetric":{}},"parameters":{"PipelineID":{"type":"string"},"DatabricksWorkspaceID":{"type":"string"},"WaitSeconds":{"type":"int","defaultValue":30}},"variables":{"PipelineUpdateState":{"type":"String","defaultValue":"RUNNING"}},"folder":{"name":"Databricks"},"annotations":[]},"dependsOn":[]}]}