{"$schema":"http://schema.management.azure.com/schemas/2015-01-01/deploymentTemplate.json#","contentVersion":"1.0.0.0","parameters":{"factoryName":{"type":"string","metadata":"Data Factory name"}},"variables":{"factoryId":"[concat('Microsoft.DataFactory/factories/', parameters('factoryName'))]"},"resources":[{"name":"[concat(parameters('factoryName'), '/Execute Databricks Job using MI')]","type":"Microsoft.DataFactory/factories/pipelines","apiVersion":"2018-06-01","properties":{"description":"From article ","activities":[{"name":"Execute Jobs API","type":"WebActivity","dependsOn":[],"policy":{"timeout":"0.12:00:00","retry":0,"retryIntervalInSeconds":30,"secureOutput":false,"secureInput":false},"userProperties":[],"typeProperties":{"method":"POST","headers":{},"url":{"value":"@concat('https://',pipeline().parameters.DatabricksWorkspaceID,'.azuredatabricks.net/api/2.2/jobs/run-now')","type":"Expression"},"body":{"value":"@json(concat('{\"job_id\":\"', pipeline().parameters.JobID, '\"}'))\n\n","type":"Expression"},"authentication":{"type":"MSI","resource":"2ff814a6-3304-4ab8-85cb-cd0e6f879c1d"}}},{"name":"Wait Until Job Completes","type":"Until","dependsOn":[{"activity":"Execute Jobs API","dependencyConditions":["Succeeded"]}],"userProperties":[],"typeProperties":{"expression":{"value":"@not(equals(variables('JobState'),'RUNNING'))","type":"Expression"},"activities":[{"name":"Check Job Run API","type":"WebActivity","dependsOn":[],"policy":{"timeout":"0.12:00:00","retry":0,"retryIntervalInSeconds":30,"secureOutput":false,"secureInput":false},"userProperties":[],"typeProperties":{"method":"GET","headers":{},"url":{"value":"@concat('https://',pipeline().parameters.DatabricksWorkspaceID,'.azuredatabricks.net/api/2.2/jobs/runs/get?run_id=',activity('Execute Jobs API').output.run_id)","type":"Expression"},"authentication":{"type":"MSI","resource":"2ff814a6-3304-4ab8-85cb-cd0e6f879c1d"}}},{"name":"Check Job Status","type":"SetVariable","dependsOn":[{"activity":"Check Job Run API","dependencyConditions":["Succeeded"]}],"policy":{"secureOutput":false,"secureInput":false},"userProperties":[],"typeProperties":{"variableName":"JobState","value":{"value":"@if(\nor(\nequals(activity('Check Job Run API').output.state.life_cycle_state, 'PENDING'), equals(activity('Check Job Run API').output.state.life_cycle_state, 'RUNNING')\n),\n'RUNNING',\nactivity('Check Job Run API').output.state.result_state\n)","type":"Expression"}}},{"name":"Wait to Recheck API","type":"Wait","dependsOn":[{"activity":"Check Job Status","dependencyConditions":["Succeeded"]}],"userProperties":[],"typeProperties":{"waitTimeInSeconds":{"value":"@pipeline().parameters.WaitSeconds","type":"Expression"}}}],"timeout":"0.7:00:00"}}],"policy":{"elapsedTimeMetric":{}},"parameters":{"JobID":{"type":"string"},"DatabricksWorkspaceID":{"type":"string"},"WaitSeconds":{"type":"int","defaultValue":30}},"variables":{"JobState":{"type":"String","defaultValue":"Running"}},"folder":{"name":"Databricks"},"annotations":[]},"dependsOn":[]}]}