{"$schema":"http://schema.management.azure.com/schemas/2015-01-01/deploymentTemplate.json#","contentVersion":"1.0.0.0","parameters":{"factoryName":{"type":"string","metadata":"Data Factory name"}},"variables":{"factoryId":"[concat('Microsoft.DataFactory/factories/', parameters('factoryName'))]"},"resources":[{"name":"[concat(parameters('factoryName'), '/Execute Fabric Pipeline using SPN')]","type":"Microsoft.DataFactory/factories/pipelines","apiVersion":"2018-06-01","properties":{"activities":[{"name":"Generate Access Token","type":"WebActivity","dependsOn":[{"activity":"Get TenantID from AKV","dependencyConditions":["Succeeded"]},{"activity":"Get ClientID from AKV","dependencyConditions":["Succeeded"]},{"activity":"Get Secret from AKV","dependencyConditions":["Succeeded"]}],"policy":{"timeout":"0.12:00:00","retry":0,"retryIntervalInSeconds":30,"secureOutput":false,"secureInput":false},"userProperties":[],"typeProperties":{"method":"POST","headers":{"Content-Type":"application/x-www-form-urlencoded"},"url":{"value":"@concat('https://login.microsoftonline.com/',\r\n    activity('Get TenantID from AKV').output.value,\r\n    '/oauth2/v2.0/token'\r\n    )","type":"Expression"},"body":{"value":"@concat('grant_type=client_credentials&client_id=',\n    activity('Get ClientID from AKV').output.value,\n    '&client_secret=',\n    activity('Get Secret from AKV').output.value,\n    '&scope=https%3A%2F%2Fapi.fabric.microsoft.com%2F.default'\n)","type":"Expression"}}},{"name":"Get TenantID from AKV","type":"WebActivity","dependsOn":[],"policy":{"timeout":"0.12:00:00","retry":0,"retryIntervalInSeconds":30,"secureOutput":true,"secureInput":false},"userProperties":[],"typeProperties":{"method":"GET","headers":{},"url":{"value":"@concat(pipeline().parameters.KeyVault,'secrets/',pipeline().parameters.AKVTenantID,'?api-version=7.0')","type":"Expression"},"authentication":{"type":"MSI","resource":"https://vault.azure.net"}}},{"name":"Get ClientID from AKV","type":"WebActivity","dependsOn":[],"policy":{"timeout":"0.12:00:00","retry":0,"retryIntervalInSeconds":30,"secureOutput":true,"secureInput":false},"userProperties":[],"typeProperties":{"method":"GET","headers":{},"url":{"value":"@concat(pipeline().parameters.KeyVault,'secrets/',pipeline().parameters.AKVCLientID,'?api-version=7.0')","type":"Expression"},"authentication":{"type":"MSI","resource":"https://vault.azure.net"}}},{"name":"Get Secret from AKV","type":"WebActivity","dependsOn":[],"policy":{"timeout":"0.12:00:00","retry":0,"retryIntervalInSeconds":30,"secureOutput":true,"secureInput":false},"userProperties":[],"typeProperties":{"method":"GET","headers":{},"url":{"value":"@concat(pipeline().parameters.KeyVault,'secrets/',pipeline().parameters.AKVSecret,'?api-version=7.0')","type":"Expression"},"authentication":{"type":"MSI","resource":"https://vault.azure.net"}}},{"name":"Run Fabric Pipeline","description":"","type":"WebActivity","dependsOn":[{"activity":"Generate Access Token","dependencyConditions":["Succeeded"]}],"policy":{"timeout":"0.12:00:00","retry":0,"retryIntervalInSeconds":30,"secureOutput":false,"secureInput":false},"userProperties":[],"typeProperties":{"method":"POST","headers":{"Authorization":{"value":"Bearer @{activity('Generate Access Token').output.access_token}","type":"Expression"}},"url":{"value":"@concat(pipeline().parameters.FabricAPI,'/workspaces/',pipeline().parameters.WorkspaceGUID,'/items/', pipeline().parameters.PipelineGUID, '/jobs/instances?jobType=Pipeline')","type":"Expression"},"body":{}}},{"name":"If Pipeline execution failed","type":"IfCondition","dependsOn":[{"activity":"Run Fabric Pipeline","dependencyConditions":["Succeeded"]}],"userProperties":[],"typeProperties":{"expression":{"value":"@equals('Failed',activity('Run Fabric Pipeline').output.status)","type":"Expression"},"ifTrueActivities":[{"name":"Fail the pipeline","type":"Fail","dependsOn":[],"userProperties":[],"typeProperties":{"message":{"value":"@activity('Run Fabric Pipeline').output.failureReason.message","type":"Expression"},"errorCode":{"value":"@activity('Run Fabric Pipeline').output.failureReason.errorCode","type":"Expression"}}}]}}],"policy":{"elapsedTimeMetric":{}},"parameters":{"FabricAPI":{"type":"string","defaultValue":"https://api.fabric.microsoft.com/v1"},"WorkspaceGUID":{"type":"string"},"PipelineGUID":{"type":"string"},"AKVTenantID":{"type":"string"},"AKVCLientID":{"type":"string"},"AKVSecret":{"type":"string"},"KeyVault":{"type":"string"}},"folder":{"name":"Fabric"},"annotations":[],"lastPublishTime":"2024-08-20T18:21:22Z"},"dependsOn":[]}]}